	20_145_result	20_149_result	20_148_result	20_147_result	20_146_result
20_145_result	0.0	1777.9659788064696	1507.908482142857	1508.1054099274959	1516.8709497206703
20_149_result	1776.9345002823263	0.0	1784.150669642857	1784.1935303959845	1786.1441340782123
20_148_result	1503.7216261998872	1784.1935303959845	0.0	1.03792526491913	244.32122905027933
20_147_result	1503.7216261998872	1784.1935303959845	0.0	0.0	243.28156424581005
20_146_result	1513.1789949181255	1786.2693809258226	246.12555803571428	245.9882877858338	0.0
